{
  "test_rmse_mean": 3.679272015577113,
  "test_rmse_std": 0.021059051103342337,
  "test_mae_mean": 2.5412579237986495,
  "test_mae_std": 0.0073492261258960466,
  "test_r2_mean": 0.660978092391838,
  "test_r2_std": 0.007809605004017299
}