{
  "dataset": "train",
  "timestamp": "2026-02-04 16:05:43",
  "MAE": 2.3177531499223516,
  "MSE": 11.001099801221615,
  "RMSE": 3.316790587483873,
  "R2": 0.7246896013748803,
  "MAPE": 23.904042051648865,
  "Accuracy_within_1": 33.989092755735136,
  "Accuracy_within_2": 58.056788324391164,
  "Accuracy_within_3": 73.35673754167495,
  "n_samples": 90582
}