{
  "dataset": "validation",
  "timestamp": "2026-02-04 16:05:43",
  "MAE": 2.649319666680106,
  "MSE": 14.466716740188177,
  "RMSE": 3.8035137360325355,
  "R2": 0.6940763050136423,
  "MAPE": 30.463849829614766,
  "Accuracy_within_1": 32.554146856840994,
  "Accuracy_within_2": 53.84970945589013,
  "Accuracy_within_3": 68.47596407818278,
  "n_samples": 15144
}